repository;language;architecture;community;continuous_integration;documentation;history;issues;license;size;unit_test;stars;scorebased_org;randomforest_org;scorebased_utl;randomforest_utl
matplotlib/matplotlib.github.com;Python;0.770463;2;0;0.014931;2.297872;0.212766;0;1575488;0.013242;5;1;1;1;1
NCIP/c3pr-docs;Java;0.997449;3;0;0.087444;1.434211;0.0;0;765164;0.0;0;0;0;1;0
AnXgotta/Sur;C++;0.714286;1;0;0.123698;0.0;0.0;0;2155;0.0;0;0;0;0;0
bigloupe/SoS-JobScheduler;Java;0.957573;3;1;0.315557;11.428571;0.0;1;657960;0.007257;1;1;0;1;0
barons/zf_shop;Ruby;0.381323;3;0;0.327179;0.0;0.0;1;472610;0.055335;0;1;0;1;1
uzleo/hiwi;C++;0.865123;2;0;0.218128;15.8;0.0;1;170144;0.011772;0;1;0;1;0
berlinonline/banned_books;PHP;0.44;4;0;0.017882;5.0;0.0;1;399320;0.0;0;1;0;1;0
pszabolcs/canvasandroid;Java;0.988235;4;0;0.136708;32.666668;0.0;0;119414;0.0;0;0;0;1;0
mk12/mycraft;Java;0.662614;1;0;0.326084;3.583333;0.0;1;134913;0.117074;7;1;0;1;0
BulldogDrummond/etmod;C;0.820513;1;0;0.085501;0.0;0.0;0;220996;0.00994;0;0;0;1;0
ryseto/stodyn;C++;0.943548;1;0;0.14322;0.0;0.0;1;228026;0.0;0;0;0;1;0
UfSoft/ILog;Python;0.666667;1;0;0.186233;14.166667;0.0;0;6004;0.0;0;0;0;1;0
nix858/osu;C++;1.0;1;0;0.18365;0.0;0.0;0;3648;0.0;0;0;0;0;0
WilbertHo/foobar;Python;0.705882;2;0;0.320261;4.666667;0.0;0;210;0.251282;0;1;0;1;0
kaludis/epoll-echo-server;C;1.0;1;0;0.36478;0.0;0.0;0;303;0.090592;0;0;0;1;0
Jarcionek/MTG-Deck-Builder;Java;0.983051;1;0;0.014853;0.0;0.0;0;3051;0.514811;0;0;0;1;0
mtolly/gamesaves;Ruby;1.0;1;0;0.031056;26.666668;0.0;0;159;0.0;0;0;0;1;0
caseyjames/myJavaProjects;Java;0.966667;1;0;0.397315;86.0;0.0;0;9447;0.169928;0;0;0;1;0
pranjal-goswami/Inscribe;PHP;0.721154;2;0;0.185236;38.0;2.0;1;24807;0.0;1;1;1;1;1
nicholash/access-tools;Python;0.96;2;0;0.239261;16.6;0.0;1;3813;0.03447;0;1;0;1;1
alexyem0222/amazon;Java;0.791667;1;0;0.028372;6.692308;0.0;0;2500;0.720548;0;0;0;1;0
DanyTlaw/Haggis;Java;0.636364;2;0;0.138528;27.0;8.333333;0;4689;0.0;1;0;1;1;1
mattwalker101/CIS-040-Cplusplus;C++;0.75;1;0;0.235821;27.0;0.0;0;2307;0.0;0;0;0;1;0
markcwal/TwitterClient;Java;0.818182;2;0;0.177322;0.0;0.0;0;686;0.0;0;0;0;1;0
zombietango/Public-Tools;Python;0.0;1;0;0.04;0.0;0.0;0;73;0.0;0;0;0;0;0
hotosm/hot-exports;Ruby;0.59322;4;0;0.131047;2.46875;2.96875;1;86596;0.53206;16;1;1;1;1
Cyberrebell/doctrine-db-patcher;PHP;0.6;2;0;0.165365;0.0;0.0;1;741;0.111853;0;1;0;1;1
ladamalina/yii2-smsc;PHP;0.0;1;0;0.247863;1.2;0.0;1;258;0.0;8;0;0;1;1
marrok/windowsphone-httpserver;C#;0.811321;2;0;0.067549;0.0;0.0;0;2748;0.0;1;0;0;1;0
stefanil/JFXControls;Java;0.875;1;0;0.208364;25.666668;5.0;1;5550;0.037926;0;1;1;1;1
TheOfficialStinger/FreeAssassin;C#;0.928571;1;0;0.07;0.0;0.0;1;565;0.0;0;0;0;1;0
smreidy113/Robockey2013;C;0.852941;2;0;0.232774;0.0;0.0;0;7254;0.0;0;0;0;1;0
mariol3/presenze_volley;Ruby;0.305882;1;0;0.260239;6.363636;0.818182;0;1768;0.266667;0;0;1;1;1
wockenfuss/portal;Ruby;0.565737;1;0;0.14839;11.428571;0.0;0;8823;0.434873;0;0;0;1;0
sesvxace/tracer;Ruby;0.0;2;0;0.672414;7.0;0.0;0;143;0.0;0;0;0;1;0
dankeezer/shainagates;Ruby;0.26;1;0;0.402935;17.0;0.0;0;1178;0.178295;0;0;0;1;0
jagoda/chef-strider;Ruby;0.2;1;1;0.011605;0.0;0.0;0;553;0.707006;1;0;0;1;0
aisola/ObjectWeb;Python;0.8;1;0;0.394534;5.0625;0.5625;1;976;0.081143;22;1;1;1;1
BigHedGames/shape-master;C#;0.818182;2;0;0.220481;0.0;0.0;0;1393;0.0;0;0;0;1;0
caorun0728/zuidianpu.com;PHP;0.0;2;0;0.0;2.666667;0.0;0;14;0.0;0;0;0;1;0
noyg12-meet/MEET-YL2;Python;0.333333;3;0;0.386986;0.857143;0.0;0;189;0.028986;0;0;0;1;0
dorkrawk/bird-watcher;Ruby;0.75;1;0;0.141243;8.0;0.0;0;156;0.0;1;0;0;1;0
i80586/RCache;PHP;1.0;2;0;0.549425;6.916667;0.583333;0;279;0.0;1;0;0;1;1
codylerum/simple-identity;Java;0.818182;1;0;0.121094;0.6;0.0;1;225;0.0;0;0;0;1;1
chrspeich/TheOS;C;0.24;1;0;0.45719;33.0;0.0;1;2655;0.0;1;0;0;1;1
fabregas/nimbusfs-client;Python;0.821918;1;0;0.065979;19.6;0.0;0;9096;0.182234;2;0;0;1;0
cedricmessiant/bobtemplates.ecreall;Python;0.176471;2;1;0.12;2.791667;0.0;1;701;0.342342;0;1;0;1;1
JPII/sandbox;Java;1.0;2;0;0.006;4.526316;0.052632;0;1021;0.0;0;0;0;1;1
smcgrath/azathoth-server;Python;0.75;1;0;0.244726;8.0;0.0;0;546;0.0;1;0;0;1;0
mental/bloopsaphone;C;1.0;3;0;0.026675;12.428571;0.0;1;3138;0.0;125;1;0;1;0
alcides/alcides-bliki;Python;0.421053;1;0;0.021352;1.781818;0.0;0;1101;0.223377;7;0;0;1;0
paulb896/iStock-Rails-Tutorial-Project;Ruby;0.4;2;0;0.403682;0.0;0.0;0;1125;0.170765;0;0;0;1;0
schimar/gbs;Python;0.75;2;0;0.195876;3.346154;0.0;1;969;0.0;2;1;0;1;1
adrian-bl-hox-jb/android_system_netd;C++;1.0;5;0;0.167647;4.5;0.0;1;5850;0.0;0;1;0;1;0
zemlanin/Libr;Python;0.75;1;0;0.014164;0.0;0.0;0;348;0.0;0;0;0;0;0
ObiWahn/weechat-remote-notify;Python;0.0;2;0;0.285068;1.083333;0.041667;1;159;0.0;0;0;0;1;1
onethreeseven/hrsfans-retreat;Python;1.0;1;0;0.071977;25.428572;0.0;1;3;0.0;0;0;0;1;0
stephentu/forwarder;Python;1.0;1;0;0.141732;0.0;0.0;0;130;0.0;2;0;0;0;0
ryansb/gitwarrior;Python;0.666667;0;0;0.29064;0.0;0.0;0;232;0.0;8;0;0;0;0
brandur/casseo;Ruby;0.625;1;0;0.061333;0.0;0.0;0;417;0.0;11;0;0;0;0
plexinc/plex-home-theater-public;C;0.852308;3;0;0.160882;13.917808;0.356164;1;2854947;0.099804;341;1;1;1;1
DrKLO/Telegram;C;0.810573;1;0;0.220572;17.647058;57.529411;1;345079;0.56274;4396;1;1;1;1
QuantumBadger/RedReader;Java;0.994975;1;1;0.161295;26.173912;8.782609;1;24578;0.0;538;1;1;1;1
fzaninotto/Faker;PHP;0.997041;44;1;0.087905;29.512196;13.439024;1;56326;0.034134;7867;1;1;1;1
unbit/uwsgi;C;0.97561;5;1;0.063989;79.0;18.4;1;96949;0.0;1302;1;1;1;1
bagder/curl;C;0.90161;8;1;0.239475;69.396225;3.641509;1;139709;0.150401;2665;1;1;1;1
jfeinstein10/SlidingMenu;Java;0.942857;4;0;0.211891;14.461538;27.115385;1;4170;0.0;8939;1;1;1;1
liuliu/ccv;C;0.899225;1;1;0.290646;15.842105;2.421053;1;145095;0.74297;5062;1;1;1;1
schacon/ruby-git;Ruby;0.956522;10;1;0.143228;4.476744;2.581395;1;3853;0.444247;1062;1;1;1;1
coleifer/peewee;Python;0.945946;1;1;0.087148;27.865385;10.865385;1;20881;0.026266;2560;1;1;1;1
mitchellh/vagrant;Ruby;0.974128;3;1;0.129264;131.596771;89.629028;1;71428;0.353269;11303;1;1;1;1
maraujop/django-crispy-forms;Python;0.527778;2;1;0.150399;14.567568;5.581081;1;5094;0.17121;2268;1;1;1;1
antirez/redis;C;0.856187;2;0;0.166095;112.430557;34.652779;1;119632;0.165989;16713;1;1;1;1
sebastianbergmann/phpunit;PHP;0.957071;2;1;0.363236;45.076923;16.567308;1;22636;0.624396;4994;1;1;1;1
mr-bar/OnionScraper;C;0.27577;1;0;0.189378;0.0;0.0;1;3091835;0.00484;0;0;0;1;0
panzb/my_repository;Java;0.9;2;0;0.092117;0.0;0.0;1;8383;0.0;0;0;0;1;0
sskjames/tamilunicodeconverter;Java;1.0;1;0;0.199344;0.0;0.0;1;984;0.420959;0;0;0;1;1
geni-lab/itf_identify_objects;Python;0.0;2;0;0.57508;0.0;0.0;0;134;0.0;0;0;0;1;0
sskjames/openlpwebapp;Python;0.4;1;0;0.135945;0.0;0.0;0;378;0.034722;0;0;0;1;0
liangshulsh/src;C#;0.918089;1;0;0.187118;0.0;0.0;1;150489;0.028997;0;0;0;1;0
nivertius/perfectable;Java;0.827309;1;0;0.040841;0.0;0.0;0;8292;0.094829;0;0;0;1;0
howardxu/SCTest;C++;1.0;1;0;0.005917;0.0;0.0;0;171;0.0;0;0;0;0;0
LeoYan/ArduinoLib;C++;1.0;1;0;0.283767;0.0;0.0;1;580;0.0;1;0;0;1;0
sskjames/simpleopenlpimporter;Java;1.0;1;0;0.02447;0.115385;0.0;0;598;0.363462;0;0;0;1;0
aisk/leancloud-python-test-app;Python;0.0;1;0;0.0;0.0;0.0;0;16;0.0;1;0;0;0;0
scott-be/povfan;Python;0.5;1;0;0.017241;6.0;0.0;0;116;0.0;0;0;0;1;0
sbohlen/common-logging-elmah;C#;0.375;0;0;0.215774;0.0;0.0;0;532;0.175926;2;0;0;1;0
jason-wan/LeetCode;C;0.0;2;0;0.0;0.0;0.0;0;20;0.0;0;0;0;0;0
drupalprojects/inject;PHP;0.950311;1;0;0.447373;5.0;0.0;0;9720;0.005969;0;0;0;1;0
will3942/Statusboard_tasks;Ruby;0.777778;0;0;0.0;0.0;0.0;0;355;0.0;3;0;0;0;0
McCraftaholics/WarpPortals-AnalyticsServer;Java;0.785714;1;0;0.031609;0.0;0.0;0;337;0.0;0;0;0;0;0
UniTime/cpsolver;Java;1.0;1;0;0.321909;10.0;0.0;1;60488;0.0;10;0;0;1;0
ngladitz/emma;Java;1.0;1;0;0.262465;0.0;0.0;0;23711;0.0;0;0;0;0;0
Trololoshe4ki/Forest;Java;0.333333;1;0;0.367284;0.0;0.0;0;410;0.0;0;0;0;0;0
ahad82/citrix;PHP;0.333333;0;0;0.244898;0.0;0.0;0;114;0.0;1;0;0;0;0
nwoow/blog;PHP;0.333333;1;1;0.402797;0.0;0.0;0;1342;0.00312;0;0;0;1;0
googleinurl/vBulletin-5.1.2-SQL-Injection;PHP;0.0;1;0;0.105263;0.0;0.0;0;133;0.0;1;0;0;0;0
kmcmorrow/ruby-flappy-tk;Ruby;1.0;0;0;0.066351;0.0;0.0;0;197;0.0;1;0;0;0;0
rmosolgo/jsx-ruby;Ruby;0.636364;1;1;0.046875;0.0;0.0;0;159;0.508621;1;0;0;0;0
rock-image-processing/image_processing-libelas;C++;1.0;5;0;0.295198;0.727273;0.0;1;8292;0.0;0;0;0;1;1
toulet/abps;C++;1.0;1;0;0.429054;0.0;0.0;0;219;0.0;0;0;0;0;0
paguiar/udem-vas-raspberry;C;0.625;1;0;0.108742;0.0;0.0;0;1257;0.0;0;0;0;0;0
paguiar/raspberry-gpu-stereo;C++;0.277778;1;0;0.232132;0.0;0.0;1;6528;0.049781;0;0;0;1;0
scwuhao/stereo;C++;0.888889;2;0;0.085672;0.0;0.0;0;619;0.0;1;0;0;1;0
htmgarcia/mod_lastworks;PHP;0.857143;1;0;0.18578;0.0;0.0;1;737;0.0;0;0;0;1;0
eran-levy/ELPocket;Python;0.0;1;0;0.153846;0.0;0.0;0;67;0.0;0;0;0;0;0
iSawyer/machine-learning-practice;Python;0.0;1;0;0.496454;0.0;0.0;0;73;0.0;0;0;0;0;0
AppFactoryOrg/app-factory;Java;0.0;1;0;0.026379;0.0;0.0;1;8674;0.0;2;0;0;1;0
Nudies/lapw;Python;0.8;1;0;0.053968;0.0;0.0;0;314;0.0;0;0;0;0;0
shixiaoyu/pygoogle;Python;0.5;1;0;0.196347;0.0;0.0;0;178;0.0;0;0;0;0;0
tommy-muehle/silex-doctrine-orm-service-provider;PHP;0.333333;0;1;0.221453;0.0;0.0;1;254;0.242857;2;0;0;1;1
Neo-DW/HRTF;C;0.636364;0;0;0.246174;0.0;0.0;0;26111;0.0;1;0;0;0;0
maxdemarzi/archetype_api;Java;0.891892;0;0;0.018671;0.0;0.0;0;3606;0.538012;4;0;0;1;0
JsonHunt/mobile-app-scaffolding;Java;0.0;1;0;0.098646;0.0;0.0;0;8773;0.0;0;0;0;0;0
bettse/libfreefare;C;0.912281;1;0;0.179542;0.0;0.0;1;11205;0.388305;0;0;0;1;1
zoukyle/python-photo-tools;Python;1.0;1;0;0.045455;0.0;0.0;0;84;0.0;0;0;0;0;0
cmorsics/SimpleWebApi2;C#;0.861111;1;0;0.068732;0.0;0.0;0;57268;0.0;0;0;0;0;0
rkp8000/hypothesize;Python;0.166667;1;0;0.296296;0.0;0.0;0;8679;0.0;0;0;0;0;0
aripddev/bireyselinisiyatif.org;PHP;0.0;1;0;0.108855;0.0;0.0;1;2194;0.0;0;0;0;1;1
elwebmaster/crowd.gq-client;Python;0.0;1;0;0.0;0.0;0.0;1;106;0.0;0;0;0;0;0
Welon5656/media-app-for-android;Java;0.166667;1;0;0.112075;0.0;0.0;0;1228;0.0;0;0;0;0;0
spininertia/w2v4j;Java;1.0;1;0;0.159358;0.0;0.0;0;856;0.038567;1;0;0;1;0
catoenm/E-MERGE;Java;0.5;0;0;0.115067;0.0;0.0;0;2038;0.522111;1;0;0;1;0
vanqard/passman;PHP;1.0;1;0;0.552147;0.0;0.0;1;224;0.0;2;0;0;1;0
HiraokaHyperTools/jtifedit3;C#;0.777778;0;0;0.108614;0.0;0.0;1;5226;0.0;0;0;0;1;0
visit-vis/VisIt;C;0.949644;0;0;0.345599;0.0;0.0;1;2132264;0.108429;0;0;0;1;0
marcsstevenson/OvenSimCordova;Java;0.959184;1;0;0.251203;0.0;0.0;1;26267;0.0;0;0;0;1;0
fuzyll/coppermind;Ruby;0.416667;1;0;0.215884;0.0;0.0;1;876;0.0;0;0;0;1;0
gheydon/pheanstalk-worker;PHP;0.666667;1;1;0.232877;0.0;0.0;0;247;0.310924;1;0;0;1;0
Swanson-Hysell-Group/SAM_Header;Python;0.666667;1;0;0.282203;0.0;0.0;0;9345;0.0;0;0;0;0;0
ChrisGerrard/TableauToolsRuby;Ruby;1.0;1;0;0.078456;0.0;0.0;0;740;0.0;3;0;0;0;0
Frozenme/cquptque;PHP;0.849231;1;0;0.297569;0.0;0.0;1;49008;0.011122;0;0;0;1;0
MagIciaNGTAO/leetcode;Java;0.938095;1;0;0.114469;0.0;0.0;0;13130;0.518108;0;0;0;1;0
usher123/datastructure-of-python;Python;0.0;1;0;0.0;0.0;0.0;0;32;0.0;0;0;0;0;0
aditya7iyengar/UDPFileTransfer;C;0.5;1;0;0.0;0.0;0.0;0;196;0.0;0;0;0;0;0
ubernostrum/django-flashpolicies;Python;0.363636;1;1;0.407609;0.0;0.0;1;545;0.527027;2;0;0;1;1
haveTryTwo/mystl;C++;0.96875;0;0;0.069959;0.0;0.0;0;9585;0.0;3;0;0;0;0
yangqing0314/CircelProgressTime;Java;0.6;1;0;0.4941;0.0;0.0;0;345;0.0;1;0;0;0;0
ftes/de.ftes.uon.seng2200.pa2;Java;1.0;1;0;0.214629;0.0;0.0;0;838;0.234356;0;0;0;1;0
kmels/opengl-basics;C;1.0;1;0;0.137529;0.0;0.0;0;419;0.0;1;0;0;0;0
springprojects/spring-boot-showcase;Java;0.86;1;0;0.209754;0.0;0.0;1;2275;0.158587;1;0;0;1;1
tgibbons-students-css/VogellaDatabaseAsg10Start;Java;0.571429;3;0;0.095238;0.0;0.0;0;606;0.0;0;0;0;1;0
patcon/city-of-toronto-agendas;Ruby;0.0;1;0;0.0;0.0;0.0;0;1;0.0;0;0;0;0;0
tcz001/marsrover;Ruby;0.818182;1;0;0.049618;0.0;0.0;0;249;0.445783;0;0;0;1;0
prachiyshah/CoreNettyProject;Java;0.983871;1;0;0.252204;0.0;0.0;1;20861;0.004533;0;0;0;1;0
ShreyasRaj/IndiaPostPackageServiceRepo;Java;0.9375;1;0;0.018784;0.0;0.0;0;1100;0.0;0;0;0;0;0
larryli/PuTTY;C;0.873016;0;0;0.194461;0.0;0.0;1;93161;0.83159;67;0;0;1;0
petercrlane/uhferret-gem;C++;1.0;0;0;0.126205;0.0;0.0;1;10060;0.012951;2;0;0;1;1
nicksummers/pyprojects;Python;0.0;1;0;0.0;0.0;0.0;0;2;0.0;0;0;0;0;0
awslabs/eb-docker-nginx-proxy;PHP;0.0;0;0;0.0;0.0;0.0;1;79;0.0;27;0;0;0;0
ivadelic/ruby_fundamentals_1;Ruby;0.25;1;0;0.2;0.0;0.0;0;32;0.0;0;0;0;0;0
gleicon/locust-swarm;Python;1.0;1;0;0.011561;0.0;0.0;0;203;0.0;16;0;0;0;0
tsinux/JavaSE;Java;0.018519;1;0;0.235861;0.0;0.0;0;1189;0.0;0;0;0;0;0
romipetrelis/miscellanea;C#;0.4375;1;0;0.077303;0.0;0.0;0;489;0.0;0;0;0;0;0
richardtin/android-customization-autotool;Python;0.56;1;0;0.10444;0.0;0.0;0;1450;0.455944;0;0;0;1;0
helensee/Systems-Programming;C;0.466667;1;0;0.203173;0.0;0.0;0;2059;0.0;0;0;0;0;0
morganestes/memcached-admin;PHP;0.892857;1;0;0.380771;0.0;0.0;1;2280;0.0;0;0;0;1;0
chrisvfritz/prelangtest;Ruby;0.449438;1;0;0.546547;0.0;0.0;0;1303;0.05418;0;0;0;1;0
MatheusDMD/MatheusMarotzke_EP2;Python;0.0;1;0;0.020772;0.0;0.0;0;330;0.0;0;0;0;0;0
nkmrtty/SlackLogger;Python;1.0;0;0;0.070312;0.0;0.0;1;136;0.0;1;0;0;1;0
richardwxn/text-classification-project;Python;0.5;1;0;0.007009;0.0;0.0;0;425;0.0;0;0;0;0;0
brianbier/LearnRubyTheHardWay;Ruby;0.1;1;0;0.308989;0.0;0.0;0;126;0.0;0;0;0;0;0
shradhag/OPENLearn;Python;0.6;0;0;0.028001;0.0;0.0;0;9961;0.052133;1;0;0;1;1
richzeng/pvcam_dlm;C++;0.857143;1;0;0.387463;17.0;0.0;0;1671;0.0;1;0;0;1;0
richzeng/DLM_resources;C++;1.0;1;0;0.158892;8.0;0.0;0;577;0.0;1;0;0;1;0
qguv/pennant;Python;0.307692;1;0;0.111324;0.0;0.0;1;540;0.002283;3;0;0;1;0
eteran/edb-debugger;C++;0.896552;1;0;0.258576;4.761905;0.0;1;35626;0.0;177;0;0;1;1
jaeg/HTTPSMocker;C#;0.333333;1;0;0.174118;0.0;0.0;0;345;0.0;0;0;0;0;0
richzeng/xinput_dlm;C++;1.0;1;0;0.091684;0.0;0.0;0;426;0.0;1;0;0;0;0
liuguichao/RealSenceInterface;C++;0.810811;1;0;0.193573;0.0;0.0;0;3199;0.0;1;0;0;0;0
vanevery/JSON-with-gson-Example;Java;0.5;1;0;0.416357;0.0;0.0;0;157;0.0;0;0;0;0;0
clyver/GroupFitnessAutomation;Python;1.0;1;0;0.410526;0.0;0.0;0;56;0.0;0;0;0;0;0
popkc/OnelineReader;C++;0.518519;1;0;0.1071;0.0;0.0;1;5276;0.0;0;0;0;1;0
jxcangel/local_tools;Python;0.8;1;0;0.272727;0.0;0.0;0;606;0.0;0;0;0;0;0
rmsor/waa_practice;Java;0.357143;1;0;0.118508;0.0;0.0;0;4396;0.0;0;0;0;0;0
Superjisan/Stormy;Java;0.25;1;0;0.066667;0.0;0.0;0;484;0.0;0;0;0;0;0
insoo078/kobis-utils;Java;0.960938;2;0;0.219638;0.0;0.0;0;29326;0.004095;0;0;0;1;0
goliatone/rfid-poc;Python;0.0;1;0;0.030303;0.0;0.0;0;127;0.0;0;0;0;0;0
woonkij/Crowdsourced;Python;1.0;1;0;0.005575;0.0;0.0;0;4523;0.0;0;0;0;0;0
mstivali/Stivali.InterviewPractice.LinkedLists;C++;0.0;1;0;0.06982;0.0;0.0;0;413;0.0;0;0;0;0;0
kahnjw/k-and-r;C;0.5;1;0;0.130435;0.0;0.0;0;22;0.0;0;0;0;0;0
yishuangxi/yishuangxi;Python;0.428571;1;0;0.027778;0.0;0.0;0;37;0.0;0;0;0;0;0
bbemis017/StudentManagement;Java;1.0;1;0;0.229846;0.0;0.0;0;449;0.0;0;0;0;0;0
MontanaMax/uVa-Online-Judge;C++;0.25;1;0;0.153846;0.0;0.0;0;156;0.0;0;0;0;0;0
HAProxy/haproxy-1.3;C;0.732824;1;0;0.272611;2.325581;0.0;1;27937;0.058234;0;1;0;1;1
jasondcamp/stuff;Ruby;0.068966;1;0;0.37415;0.0;0.0;0;450;0.055556;0;0;0;1;0
tung987/torrentflux-ng;PHP;0.779497;0;0;0.198919;0.0;0.0;1;207694;0.037949;2;0;0;1;0
tdfischer/spacewiki;Python;0.0;1;0;0.125;0.0;0.0;1;8;0.0;5;0;0;1;0
AllenDowney/ThinkPythonSolutions;Python;0.0;1;0;0.0;0.0;0.0;0;0;0.0;3;0;0;0;0
si-yao/chat-room;Java;0.933333;0;0;0.168088;0.0;0.0;0;1408;0.0;1;0;0;0;0
changmu/Snake;C;0.666667;1;0;0.014778;0.0;0.0;0;205;0.0;0;0;0;0;0
TASVideos/gens-rerecording;C++;0.81681;0;0;0.102718;0.0;0.0;1;155560;0.183172;5;0;0;1;1
wiki-w/google;Java;0.984;3;0;0.160875;0.833333;0.0;1;30784;0.0;0;0;0;1;1
billcchung/TaiwanCoffeePrices;Java;0.6;1;0;0.165746;0.0;0.0;0;640;0.0;0;0;0;0;0
visit-vis/VisIt29RC_Trunk;C;0.949644;6;0;0.346761;61.0;0.0;1;2130478;0.0;0;1;0;1;0
astronomerdamo/gcp_mcmc_speed;C++;0.0;1;0;0.119741;0.0;0.0;1;304;0.0;2;0;0;1;1
fsong/conference-cloud;C;0.5;0;0;0.0;0.0;0.0;0;10;0.0;0;0;0;0;0
VDFaller/Brewery;Python;0.0;1;0;0.323529;0.0;0.0;0;1090;0.0;1;0;0;0;0
edkotkas/Falling-PyBlocks;Python;0.0;1;0;0.293447;0.0;0.0;0;250;0.0;0;0;0;0;0
dspiegs/DiceChallengeMVVM;C#;0.347826;1;0;0.301741;0.0;0.0;0;1077;0.0;0;0;0;0;0
scottmwinters/projects;C;1.0;1;0;0.007143;0.0;0.0;0;140;0.0;0;0;0;0;0
mjulian/pysnmp-examples;Python;0.0;0;0;0.192982;0.0;0.0;1;64;0.0;1;0;0;1;0
roryg11/dog_park_api;Ruby;0.074074;1;0;0.483728;0.0;0.0;0;361;0.041667;0;0;0;1;0
eejdoowad/vessel-features;C++;1.0;1;0;0.144279;0.0;0.0;1;387;0.0;0;0;0;1;1
kristinabrown/robot-world;Ruby;0.777778;1;0;0.0;0.0;0.0;0;269;0.0;0;0;0;0;0
eteubert/file-cloud;Ruby;0.0;1;0;0.021739;0.0;0.0;1;69;0.0;2;0;0;1;0
lucascc4/LucasCostanzo_EP2;Python;0.0;1;0;0.046053;0.0;0.0;0;145;0.0;0;0;0;0;0
MarceloAlves/GroceryList;Ruby;0.0;1;0;0.0;0.0;0.0;0;31;0.0;2;0;0;0;0
evnit/hardware_qcom_msm8660;C++;0.772093;1;0;0.158381;0.0;0.0;1;112717;0.037299;0;0;0;1;0
wangjia55/CircleChooseDisc;Java;0.333333;2;0;0.072626;0.0;0.0;0;370;0.0;3;0;0;1;0
williamsmj/skeleton;Python;0.5;1;0;0.0;0.0;0.0;0;31;0.32;0;0;0;0;0
caseyboardman/ArduinoMorseCode;C++;1.0;1;0;0.137681;0.0;0.0;0;127;0.0;0;0;0;0;0
KonstantinSimeonov/Telerik-Academy-Exam-Tasks;C#;0.77;1;0;0.068089;0.0;0.0;0;4115;0.0;0;0;0;0;0
ShinChven/SpringApp;Java;0.666667;1;0;0.241818;0.0;0.0;0;496;0.0;0;0;0;0;0
drakemain/RockPaperScissors;C#;0.0;1;0;0.0;0.0;0.0;0;206;0.0;0;0;0;0;0
ekzhu/datasketch;Python;0.6;1;1;0.204334;0.0;0.0;1;266;0.267206;60;0;0;1;1
mugshepherd/StepStepStep;Ruby;0.666667;1;0;0.534884;0.0;0.0;0;133;0.73;0;0;0;0;0
AlexanderDzhoganov/Skylines-ImprovedAssetsPanel;C#;0.857143;1;0;0.065058;0.0;0.0;1;893;0.0;2;0;0;1;0
PunchApp/volley;Java;0.970588;1;0;0.360346;0.0;0.0;1;4549;0.087248;0;0;0;1;0
nathan-osman/flackbot-qt;C++;0.75;1;0;0.543353;0.0;0.0;0;205;0.0;0;0;0;0;0
mihail-ek/ActiveAdmin-with-Books;Ruby;0.152542;1;0;0.508642;0.0;0.0;0;949;0.202174;0;0;0;1;0
LimboSoftware/RPI-SimpleMotor;Python;0.0;1;0;0.157895;0.0;0.0;0;79;0.0;0;0;0;0;0
Becksteinlab/hop;Python;0.962963;1;0;0.177836;0.0;0.0;1;36504;0.010085;2;0;0;1;0
gabrielgcf/GabrielFranca_EP2;Python;0.875;1;0;0.088592;0.0;0.0;0;751;0.0;0;0;0;0;0
abtin/bigdata;Java;1.0;1;0;0.038388;0.0;0.0;0;663;0.0;0;0;0;0;0
JvalantPatel/AvailabilityManager;Java;0.555556;2;0;0.155763;0.0;0.0;0;271;0.059041;0;0;0;1;0
The-WUUSTER/Randoms;Java;0.222222;1;0;0.057173;0.0;0.0;0;907;0.0;0;0;0;0;0
RedhawkSDR/RBDSDecoder;C++;0.666667;3;0;0.261751;2.166667;0.0;1;1613;0.0;0;1;0;1;1
adamzolotarev/FileWatcherToFTP;C#;0.75;1;0;0.085227;0.0;0.0;0;319;0.0;1;0;0;0;0
saintlaurent/triumf_laravel;PHP;0.078947;1;0;0.526535;0.0;0.0;0;936;0.02926;2;0;0;1;0
azwan082/nc-boot-completed;Python;1.0;1;0;0.264368;0.0;0.0;1;167;0.0;2;0;0;1;1
noelmkawano/digits;Java;0.636364;1;0;0.085555;0.0;0.0;1;2154;0.244318;0;0;0;1;1
stephensanchez/familiar;Java;0.222222;1;0;0.372781;0.0;0.0;0;250;0.0;0;0;0;0;0
StephenCleary/ArraySegments;C#;0.75;1;1;0.370588;0.0;0.0;1;218;0.153846;0;0;0;1;1
yterajima/middleman-generator-tag;Ruby;0.285714;1;1;0.09375;0.0;0.0;1;88;0.0;0;0;0;1;1
kutala/z_test;Java;0.5;1;0;0.0;0.0;0.0;0;120;0.0;0;0;0;0;0
thiguetta/elastiky-framework;Java;0.6875;1;0;0.165508;0.0;0.0;1;602;0.019643;2;0;0;1;0
daixiaoyu/WenChuan;Java;0.918367;1;0;0.022559;0.0;0.0;0;3163;0.018825;0;0;0;1;0
coronalabs/plugins-source-native-popup-social;Java;0.6;4;0;0.337177;1.1;0.0;1;1207;0.0;1;0;0;1;1
martina3203/Simple-Chat-Server;C++;1.0;1;0;0.072581;0.0;0.0;0;230;0.0;0;0;0;0;0
zenspider/graphics;Ruby;0.888889;1;0;0.055807;0.0;0.0;0;626;0.0;19;0;0;0;0
cenwright/lab_5_exercise;Ruby;0.5;1;0;0.038462;0.0;0.0;0;25;0.0;0;0;0;0;0
ksamdev/gmock;C++;0.905405;1;1;0.223621;0.0;0.0;1;153248;0.863707;0;0;0;1;1
coronalabs/plugins-source-google-iap-v3;Java;0.764706;1;0;0.296828;3.0625;0.0;1;2350;0.0;2;0;0;1;1
miguelslemos/Ecommerce;Java;0.782609;1;0;0.093596;0.0;0.0;0;2944;0.0;0;0;0;0;0
herlitzj/besteats;Ruby;1.0;1;0;0.281818;0.0;0.0;0;79;0.0;0;0;0;0;0
1and1get2/voodoohda-code;C++;0.594203;1;0;0.15705;0.0;0.0;1;34358;0.0;0;0;0;1;0
vsaravind007/SocketIO4Net.CS.Tutorial;C#;0.666667;0;0;0.004128;0.0;0.0;0;35449;0.0;5;0;0;0;0
TechplexEngineer/OmniNode;Java;0.785714;1;0;0.239136;0.0;0.0;0;2807;0.007895;0;0;0;1;0
flacjacket/pywayland;Python;0.8;1;1;0.441709;0.0;0.0;1;1202;0.236842;3;0;0;1;1
takuya3211/LersserKai;C++;0.846154;1;0;0.135164;0.0;0.0;0;4090;0.0;0;0;0;0;0
fastcat-co/fastcatsearch;Java;0.957354;1;0;0.215334;0.0;0.0;1;102131;0.084718;44;0;0;1;0
maximkfd/cpplab10_11_12;C++;0.0;1;0;0.426471;0.0;0.0;0;78;0.0;0;0;0;0;0
LingZhong/thesis;Java;0.99;1;0;0.212218;0.0;0.0;1;32106;0.073542;0;0;0;1;0
ariutta/target-interaction-finder;Python;0.625;1;0;0.123596;0.0;0.0;1;510;0.190476;1;0;0;1;0
EduardoCalle/ServiceBoot;Java;0.5;1;0;0.095455;0.0;0.0;0;434;0.0;0;0;0;0;0
rilsikane/dlt-nrct;Java;0.973451;1;0;0.272928;0.0;0.0;1;36332;0.02735;0;0;0;1;0
coronalabs/plugins-source-pasteboard;Java;0.533333;3;0;0.374722;1.368421;0.0;1;1405;0.0;0;0;0;1;1
IMORALESNW/HealthyApp;Java;0.25;1;0;0.090244;0.0;0.0;0;409;0.0;0;0;0;0;0
heyitsmartin/Double-Hash-Table;C++;0.0;2;0;0.0;0.0;0.0;0;159;0.0;0;0;0;0;0
alldayiwonder/bigdata_notes;Python;0.5;1;0;0.230769;0.0;0.0;0;203;0.0;0;0;0;0;0
j0hnlam/60-340-Final-Project;C++;1.0;1;0;0.350133;0.0;0.0;0;391;0.0;0;0;0;0;0
kennyweigel/learn-django;Python;0.307692;1;0;0.181818;0.0;0.0;0;174;0.006711;0;0;0;1;0
crazytaxi/wastebin;Java;0.0;1;0;0.0;0.0;0.0;0;7;0.0;1;0;0;0;0
brocoppler/dasm;C++;0.0;1;0;0.615385;0.0;0.0;0;5;0.0;0;0;0;0;0
klcathy/CS144;Java;0.947368;1;0;0.001232;0.0;0.0;1;433681;0.0;0;0;0;1;0
neureal/noo4j-core;Java;1.0;0;0;0.219318;0.0;0.0;1;2159;0.0;2;0;0;1;0
fuddlebunker/Stack;C++;0.857143;1;0;0.418824;0.0;0.0;0;247;0.0;0;0;0;0;0
neureal/noo4j-daemon;Java;1.0;0;0;0.054842;0.0;0.0;1;3093;0.258301;1;0;0;1;1
ARGutierrez/Pongo;C++;0.8;1;0;0.007407;0.0;0.0;0;134;0.0;1;0;0;0;0
LimboSoftware/Raspberry-Pi-wifi-Remote-Control-Car;Python;0.0;1;0;0.157895;0.0;0.0;0;79;0.0;0;0;0;0;0
justinsb/google-perftools;C++;0.860606;1;0;0.211455;1.236364;0.0;1;78852;0.165104;1;0;0;1;1
slsp8752/underwater-battle-simulator;Python;1.0;1;0;0.172638;0.0;0.0;0;258;0.0;0;0;0;0;0
Jafnee/aberquota;Python;0.5;1;0;0.015075;0.0;0.0;0;243;0.0;1;0;0;0;0
ehsalazar/contacts;Ruby;0.179487;1;0;0.356076;0.0;0.0;0;30359;0.2;0;0;0;1;0
tessgriffin/robot_world;Ruby;0.777778;1;0;0.003058;0.0;0.0;0;7242;0.0;0;0;0;0;0
takuya3211/Lesserpyon3;C++;0.857143;2;0;0.120339;0.666667;0.0;0;3421;0.0;0;0;0;1;0
ganeshramesh/hashing_library;Python;0.5;1;0;0.019048;0.0;0.0;1;105;0.0;0;0;0;1;0
brotherBear/aor-java-neo;Java;1.0;1;0;0.018779;0.0;0.0;0;212;0.281437;0;0;0;1;0
ParhelicMedia/random-imgur;Python;0.0;2;0;0.160584;1.8;0.0;0;146;0.0;3;0;0;1;0
ankurdave/part;C++;1.0;1;0;0.146364;0.0;0.0;1;4590;0.468647;15;0;0;1;1
frankjtc/BasicXMLReaderApp;C#;0.333333;1;0;0.146199;0.0;0.0;0;141;0.0;0;0;0;0;0
buremba/netty-rest;Java;0.714286;1;0;0.063563;0.0;0.0;1;1050;0.0;13;0;0;1;0
butlersrepos/dungeon-digger;Java;0.933333;2;0;0.107384;3.473684;0.0;0;5170;0.0;0;0;0;1;0
JasonLong-7/12306-for-pc;C#;0.714286;1;0;0.179811;0.0;0.0;0;3766;0.0;4;0;0;0;0
simonsmadsen/resource-manager;PHP;0.5;1;0;0.0;0.0;0.0;0;517;0.0;0;0;0;0;0
murph141/LED3;C;0.727273;1;0;0.203683;0.0;0.0;0;2935;0.0;0;0;0;0;0
simonsmadsen/ResourceManager;PHP;0.5;1;0;0.0;0.0;0.0;0;517;0.0;0;0;0;0;0
williambogaiv/morse-codec;C#;0.6;1;0;0.121519;0.0;0.0;1;346;0.410377;0;0;0;1;1
JCDias/CadastroUsuarios;Java;0.666667;1;0;0.1091;0.0;0.0;0;1772;0.0;0;0;0;0;0
nebathemonk/BattleTest;C#;0.625;1;0;0.189303;0.0;0.0;0;1540;0.0;0;0;0;0;0
ddboline/kaggle_msft_malware_classification;Python;0.75;1;0;0.033639;0.0;0.0;0;327;0.0;0;0;0;0;0
kiasaki/learn-lisp;C;0.833333;1;0;0.10643;0.0;0.0;1;2826;0.0;3;0;0;1;0
tecnomatico/SiTuMO;PHP;0.67377;2;0;0.330218;0.0;0.0;1;97783;0.0;0;0;0;1;0
ryanlederman/furr;C++;0.890476;0;0;0.145975;0.0;0.0;1;26814;0.012785;1;0;0;1;1
jipson7/sortingComparison-ScalaVsJava;Java;1.0;1;0;0.04021;0.0;0.0;0;613;0.0;0;0;0;0;0
bsergent/RealMail;Java;0.0;1;0;0.525532;0.0;0.0;0;223;0.0;2;0;0;0;0
jGaboardi/FacilityLocation;Python;1.0;1;0;0.391608;0.0;0.0;1;176;0.0;1;0;0;1;0
ElliotLockerman/termbreak;C++;0.956522;1;0;0.103295;0.0;0.0;0;1019;0.0;0;0;0;0;0
DeyAbhishek/Web-Development-Projects;Java;0.588235;0;0;0.082414;0.0;0.0;1;10650;0.0;0;0;0;1;0
tecnomatico/AsistenciaTecnomatica;Java;0.833333;2;0;0.181335;15.0;0.0;0;6623;0.0;0;0;0;1;0
mateobossio/Seguimiento-Disciplinario;Java;0.8;1;0;0.137395;0.0;0.0;0;2775;0.0;0;0;0;0;0
mammon-ircd/mammon;Python;0.833333;1;0;0.236856;0.0;0.0;1;1513;0.0;29;0;0;1;0
GoogleCloudPlatform/oldisim;C++;0.70797;2;0;0.112637;0.0;0.0;1;171597;0.0;8;0;0;1;0
bhogancvtc/ruby_test_setup;Ruby;0.5;1;0;0.0;0.0;0.0;0;40;0.142857;0;0;0;0;0
arruda/estatistica-github;Python;0.0;1;0;0.242857;0.0;0.0;0;82;0.0;1;0;0;0;0
bsjhx/petulant-octo-ninja;Java;0.0;1;0;0.0;0.0;0.0;0;7;1.0;0;0;0;0;0
gio0/contestapp;Ruby;0.09375;1;0;0.484225;0.0;0.0;0;450;0.066667;0;0;0;1;0
mathewreny/ARM230Compiler;Java;1.0;1;0;0.139414;0.0;0.0;0;5099;0.0;0;0;0;0;0
mdall/GuyCamping;PHP;0.302632;1;0;0.171621;0.0;0.0;0;13560;0.009599;0;0;0;1;0
kennethlim206/wordFrequencyCalculator;Java;1.0;1;0;0.246094;0.0;0.0;0;581;0.0;0;0;0;0;0
jclayton23/Java;Java;0.5;1;0;0.0;0.0;0.0;0;96;0.0;0;0;0;0;0
AToyama/Forca;Python;0.0;1;0;0.046154;0.0;0.0;0;124;0.0;0;0;0;0;0
kennethlim206/worldFrequencyCalculator;Java;1.0;1;0;0.246094;0.0;0.0;0;581;0.0;0;0;0;0;0
tosswill/postgres_test;Ruby;0.264706;0;0;0.050384;0.0;0.0;0;8152;0.272321;4;0;0;1;0
Ly-Jia/Devoxx.NET;C#;0.909091;1;0;0.184795;0.0;0.0;0;3551;0.099864;0;0;0;1;0
drew-russell/OEM-Community-Check;Python;0.0;1;0;0.146853;0.0;0.0;1;126;0.0;1;0;0;1;0
LuminateWireless/grpc;C;0.847199;4;1;0.280354;21.0;0.0;1;112696;0.044171;0;1;0;1;1
shirtsgroup/basisanalyze;Python;0.833333;1;0;0.232525;0.0;0.0;1;4327;0.0;0;0;0;1;0
occprogramming/text-based-game;C++;1.0;2;0;0.346971;0.0;0.0;0;830;0.0;1;0;0;1;0
DrewDahlman/gulpRails;Ruby;0.809701;1;0;0.171324;0.0;0.0;1;38997;0.476104;6;0;0;1;0
jfache/user-status;PHP;0.6;1;0;0.272201;0.0;0.0;0;403;0.0;0;0;0;0;0
atelierabbey/Socialbox;PHP;1.0;0;0;0.235412;0.0;0.0;1;459;0.0;1;0;0;1;0
pramodramesh15/Codename-Moonshine;C#;0.933333;1;0;0.255435;0.0;0.0;0;822;0.0;0;0;0;0;0
resbaz/nltk;Python;0.285714;1;0;0.099262;0.0;0.0;0;30192;0.0;14;0;0;0;0
pennlabs/Penn-Book-Bazaar;PHP;0.813333;0;0;0.162334;0.0;0.0;1;10056;0.0;0;0;0;1;0
LianyouXian/PHPadvClassSpring2015;PHP;0.2;1;0;0.033333;0.0;0.0;0;30;0.0;0;0;0;0;0
dbbaskette/phd3-hawq-aws;Python;0.75;1;0;0.047945;0.0;0.0;0;989;0.0;5;0;0;0;0
ceztko/SccAutoSwitcher;C#;0.428571;1;0;0.083333;0.0;0.0;1;649;0.0;3;0;0;1;0
Complexible/stardog-spring;Java;1.0;1;0;0.36999;0.0;0.0;1;2153;0.403618;12;0;0;1;1
BradSegel/repository;PHP;0.714286;1;0;0.341346;0.0;0.0;0;138;0.0;0;0;0;0;0
bradfordkyle11/class-scheduler;Java;0.916667;1;0;0.114308;0.0;0.0;0;4506;0.0;0;0;0;0;0
jwworth/scrapp;Ruby;0.272727;1;0;0.38836;2.0;0.0;1;1210;0.08079;0;0;0;1;1
marcinwol/mwdcmconverter;C++;0.7;1;0;0.17902;0.0;0.0;1;3468;0.0;0;0;0;1;0
Stuv7CB/opticlabGUI;Java;1.0;1;0;0.059025;0.0;0.0;0;2757;0.0;0;0;0;0;0
x2bus/WeatherBoard;C++;1.0;1;0;0.178295;0.0;0.0;0;138;0.0;1;0;0;0;0
cep11p/feicurza2015;PHP;0.208333;1;0;0.192039;0.0;0.0;0;1160;0.104651;0;0;0;1;0
StepLidia/codingground;Java;0.0;1;0;0.0;0.0;0.0;0;7;0.0;0;0;0;0;0
nheinbaugh/HeinbaughPitchApi;C#;0.875;1;0;0.042525;0.0;0.0;0;4159;0.0;0;0;0;0;0
dklisiaris/bookshark-http-api;Ruby;0.365854;1;0;0.407708;0.0;0.0;1;1556;0.300813;0;0;0;1;0
mattvperry/Mumble.NET;C#;0.916667;1;1;0.027258;0.0;0.0;1;15658;0.0;0;0;0;1;1
Boshchuk/ptur;C#;0.608696;1;0;0.300635;0.0;0.0;0;1101;0.0;0;0;0;0;0
aivascu/ndddsample;C#;0.834081;2;0;0.046651;5.263158;0.0;1;109766;0.30392;1;1;0;1;1
elitwin/netzke_issues;Ruby;0.121951;1;0;0.34072;0.0;0.0;0;522;0.061303;1;0;0;1;0
xinyu-liu/Car-Park-System;Java;1.0;2;0;0.33091;0.0;0.0;0;1772;0.0;0;0;0;1;0
alexoro/android-root-device-detector;Java;0.0;0;0;0.107143;0.0;0.0;0;125;0.0;1;0;0;0;0
tannerwj/byu-cs236-project5;C++;0.769231;1;0;0.180895;0.0;0.0;0;2178;0.0;0;0;0;0;0
Shikkic/c2107;C;0.0;1;0;0.054187;0.0;0.0;0;192;0.0;0;0;0;0;0
thiagofalmeida/sample_app;Ruby;0.09375;1;0;0.402357;0.0;0.0;0;397;0.171053;0;0;0;1;0
mit09/my-mapreduce;Java;0.142857;2;0;0.037037;0.0;0.0;0;1222;0.0;0;0;0;1;0
LOS/PUD;Python;0.0;0;0;0.0;0.0;0.0;0;0;0.0;3;0;0;0;0
alochoa/Public;Ruby;0.5;1;0;0.064516;0.0;0.0;0;29;0.0;0;0;0;0;0
TymchenkoIvan/study;Java;0.5;1;0;0.012019;0.0;0.0;0;1644;0.0;0;0;0;0;0
eduartheinen/sample_app;Ruby;0.151515;1;0;0.453704;0.0;0.0;0;396;0.15894;0;0;0;1;0
CXgamer/MC-ticker;Java;0.950413;1;0;0.123685;0.0;0.0;1;11090;0.054931;9;0;0;1;1
MisterDr/S-c-ript;C;0.685976;2;0;0.111657;0.0;0.0;1;87746;0.050132;0;1;0;1;0
guwu/cs544;C;0.375;1;0;0.224925;0.0;0.0;0;12148;0.037362;0;0;0;1;0
mindwebpl/tracker;PHP;1.0;1;0;0.218085;0.0;0.0;0;147;0.0;1;0;0;0;0
lernerc/3200Project;C++;0.953488;1;0;0.109878;0.0;0.0;0;4893;0.0;0;0;0;0;0
ivivapi/jogo-forca-6;Python;0.0;1;0;0.013245;0.0;0.0;0;149;0.0;0;0;0;0;0
bitcraft/retrogamelib;Python;0.863636;1;0;0.05202;0.0;0.0;1;3102;0.0;2;0;0;1;0
alperakcan/algorithms;C;0.971429;0;0;0.04849;0.0;0.0;1;3695;0.355079;1;0;0;1;1
MavenDevoxxFR2015/demos;Java;1.0;1;0;0.166205;0.0;0.0;1;303;0.2;1;0;0;1;1
IgnNat/addressgrabber;PHP;0.5;2;0;0.190337;0.0;0.0;0;553;0.0;0;0;0;1;0
POMStrap/pomstrap3;Java;1.0;1;0;0.035503;0.0;0.0;0;326;0.0;4;0;0;0;0
dcapwell/jmh-tests;Java;0.875;1;0;0.04579;0.0;0.0;1;937;0.135076;0;0;0;1;0
aaronchien/UCSD-Dining-Dollars;Java;0.666667;1;0;0.046908;0.0;0.0;0;469;0.0;0;0;0;0;0
gforti/PHPadvClassSpring2015;PHP;0.666667;1;0;0.418033;0.0;0.0;0;143;0.0;0;0;0;0;0
pekarchuk/Twitter-parser;Python;0.0;1;0;0.25;0.0;0.0;1;73;0.0;0;0;0;1;0
fishfillet/rotten_mangoes;Ruby;0.261538;1;0;0.326409;0.0;0.0;0;874;0.174107;0;0;0;1;0
nhurman/ngcategorizer;Python;1.0;1;0;0.178248;0.0;0.0;1;546;0.0;0;0;0;1;0
DonnoDK/LWTML;C++;0.75;1;0;0.029516;0.0;0.0;0;900;0.0;1;0;0;0;0
Regalis/regalis-lis;C;0.928571;1;0;0.468254;0.0;0.0;1;416;0.0;1;0;0;1;0
jaherne/FoolFotoForensics;Python;1.0;0;0;0.356589;0.0;0.0;1;110;0.0;1;0;0;1;0
icol2006/appCSV;Java;0.6;1;0;0.158784;0.0;0.0;0;249;0.0;0;0;0;0;0
lesliekimm/POLYNOMIALS;C++;1.0;1;0;0.089744;0.0;0.0;0;781;0.0;0;0;0;0;0
codeTao42/recipe_box;Ruby;0.128205;1;0;0.294643;0.0;0.0;0;647;0.070588;0;0;0;1;0
bobanpaul/MySampleProject;Java;0.0;1;0;0.4;0.0;0.0;0;6;0.0;0;0;0;0;0
btokumi15/btokumi-SecretCode;Java;1.0;1;0;0.0;0.0;0.0;0;27;0.0;0;0;0;0;0
lesliekimm/AVL_TREES;C++;1.0;1;0;0.114716;0.0;0.0;0;764;0.0;0;0;0;0;0
Tibolte/ElasticDownload;Java;0.75;1;0;0.108137;0.0;0.0;1;958;0.0;1117;0;0;1;0
cristeam2/Networking-models-generator;C++;0.0;1;0;0.169935;0.0;0.0;0;138;0.0;0;0;0;0;0
lesliekimm/MINELOGS;C++;1.0;1;0;0.246358;0.0;0.0;0;2897;0.0;0;0;0;0;0
stickfigure/meatography;Python;0.5;1;0;0.236111;0.0;0.0;0;221;0.0;0;0;0;0;0
dspiegs/DiceChallenge;C#;0.833333;1;0;0.081559;0.0;0.0;1;97172;0.0;0;0;0;1;0
lesliekimm/REFUGEE_PROJECT;C++;1.0;1;0;0.144573;0.0;0.0;0;1781;0.0;0;0;0;0;0
dabassett/shibbolite;Ruby;0.614035;1;0;0.188377;0.0;0.0;1;1302;0.460302;0;0;0;1;1
Shanmathi1/MSGSP-implementation;Java;1.0;1;0;0.21609;0.0;0.0;0;838;0.0;0;0;0;0;0
mmaldonado730/Battleship;Ruby;0.0;1;0;0.063158;0.0;0.0;0;191;0.0;0;0;0;0;0
AlexAbraham1/YUClubs;Java;0.966667;1;0;0.061422;0.0;0.0;1;2505;0.0;0;0;0;1;0
kodi-czsk/plugin.video.pohadkar.cz;Python;1.0;0;0;0.187279;0.0;0.0;1;230;0.0;0;0;0;1;0
tjouan/ept-metanibble;C;0.805556;1;0;0.057105;0.132075;0.0;1;88100;0.0;0;0;0;1;0
oleguchok/AdBoard;C#;0.631579;1;0;0.215345;0.0;0.0;1;19173;0.0;0;0;0;1;0
RiverTaig/HelloGit;C#;0.5;1;0;0.24;0.0;0.0;0;76;0.0;0;0;0;0;0
nikit-cpp/VkCachingPlayer;Java;0.823529;1;0;0.02429;0.0;0.0;0;2129;0.308999;0;0;0;1;0
NiceBlueEyes/learnPhp;PHP;1.0;1;0;0.441176;0.0;0.0;0;19;0.0;0;0;0;0;0
pritamkesh/AccelerometerProject;Java;0.5;1;0;0.149485;0.0;0.0;0;330;0.0;0;0;0;0;0
Lokistark/MyApplication;Java;0.25;1;0;0.076132;0.0;0.0;0;485;0.0;0;0;0;0;0
danxexe/livesketch;Ruby;0.857143;1;0;0.23951;0.0;0.0;1;870;0.0;0;0;0;1;0
tompauwaert/one-off-projects;Python;0.0;1;0;0.517857;0.0;0.0;1;27;0.0;0;0;0;1;0
jmarsico/ofxSM16716;C++;1.0;1;0;0.405405;0.0;0.0;0;135;0.0;0;0;0;0;0
giovanni-da-rumore/Chess;Ruby;1.0;1;0;0.085271;0.0;0.0;0;236;0.0;0;0;0;0;0
jmarsico/sm16716_driver;C;0.032258;1;0;0.605426;0.0;0.0;1;509;0.0;0;0;0;1;0
pedrecal/grupoestudo;C++;0.7;1;0;0.028571;0.0;0.0;0;408;0.0;0;0;0;0;0
AdaptiveSystem/finalproject;Java;1.0;1;0;0.131488;0.0;0.0;0;252;0.0;0;0;0;0;0
acl9es/GhostHunter;Java;0.25;1;0;0.093909;0.0;0.0;0;393;0.0;0;0;0;0;0
mollihua/molecular-dynamics-analysis;Python;0.0;1;0;0.203883;0.0;0.0;0;84;0.0;0;0;0;0;0
nsantek/Kalkulator_za_Lovra;C#;0.333333;1;0;0.2277;0.0;0.0;0;323;0.0;0;0;0;0;0
BrassGoggledCoders/FantasyKingdoms;Java;0.875;1;0;0.187613;0.0;0.0;0;1392;0.0;1;0;0;0;0
harmjan/network-security;C++;0.555556;1;0;0.281385;0.0;0.0;0;539;0.0;0;0;0;0;0
Bobberclobber/Simple-Platform-Game;Java;1.0;1;0;0.449839;0.0;0.0;0;2051;0.0;0;0;0;0;0
ahrenstein/ChefRecipe-linux-tweak;Ruby;0.1;1;0;0.230769;0.0;0.0;1;200;0.514793;0;0;0;1;0
RiverTaig/RiversRepository;C#;0.5;1;0;0.252492;0.0;0.0;0;225;0.0;0;0;0;0;0
c-mars/future.sample;Java;1.0;1;0;0.087719;0.0;0.0;0;104;0.0;0;0;0;0;0
ahmetkucuk/personilized-education;Python;0.333333;1;0;0.037559;0.0;0.0;0;822;0.0;0;0;0;0;0
apranav19/FP_With_Python;Python;0.333333;2;0;0.319149;0.0;0.0;0;35;0.0;0;0;0;1;0
FelipeGCF/FelipeFranca_EP2;Python;0.307692;1;0;0.059867;0.0;0.0;0;848;0.0;0;0;0;0;0
zonalhi/zh-cpp-lib;C++;0.666667;1;0;0.252525;0.0;0.0;1;86;0.0;0;0;0;1;0
nusait/nuauth5-test;PHP;0.135593;1;0;0.164575;0.0;0.0;0;12931;0.01458;0;0;0;1;0
kmjungersen/PyHeader;Python;0.333333;1;0;0.042105;0.0;0.0;0;93;0.0;0;0;0;0;0
bweisiger15/Tic-Tac-Toe;Java;0.0;1;0;0.022059;0.0;0.0;0;133;0.0;0;0;0;0;0
CityofSantaMonica/Orchard.Socrata;C#;0.833333;1;0;0.027714;0.0;0.0;1;1633;0.0;0;0;0;1;0
aioverlord/toy_app;Ruby;0.184211;1;0;0.381595;0.0;0.0;0;581;0.206009;0;0;0;1;0
QIICR/PET-IndiC;Python;1.0;1;0;0.196613;0.0;0.0;0;2569;1.0;0;0;0;1;0
huntdog1541/theoryhomework1;Java;0.0;1;0;0.0;0.0;0.0;0;10;0.0;0;0;0;0;0
edfullest/Mi-Primera-Applet;Java;0.75;1;0;0.220823;0.0;0.0;0;1609;0.0;0;0;0;0;0
wpsitecare/disable-yoast-admin-columns;PHP;1.0;1;0;0.582822;0.0;0.0;0;86;0.0;4;0;0;0;0
initialxy/parcelable-generator;Python;0.0;1;0;0.353086;0.0;0.0;1;299;0.0;0;0;0;1;0
audamob/Snoopy;C#;0.454545;1;0;0.197303;0.0;0.0;0;25105;0.0;0;0;0;0;0
finbarr/kickstarter_stripe;Ruby;0.952381;20;1;0.015815;9.652174;0.0;1;2676;0.413819;0;1;1;1;1
ddarwin/Example-Glassfish;Java;0.0;1;0;0.133333;0.0;0.0;0;52;0.0;0;0;0;0;0
wware/dumb-epydoc-project;Python;1.0;1;0;0.698413;0.0;0.0;0;23;0.0;0;0;0;0;0
puppetlabs/puppetlabs-chronos;Ruby;0.125;1;1;0.09188;0.0;0.0;1;473;0.232558;2;0;0;1;1
kiei925-s15/essential_ruby;Ruby;0.166667;1;0;0.4375;0.0;0.0;0;171;0.0;0;0;0;0;0
PIfagor/Checkers;Java;1.0;1;0;0.068841;0.0;0.0;0;259;0.0;0;0;0;0;0
veronicaaruquipa/pm-cucumber-tests-ruby;Ruby;0.714286;1;0;0.02212;20.0;0.0;0;1081;0.0;1;0;0;1;0
ivlab/Spatialize;C++;1.0;1;0;0.241877;0.0;0.0;1;443;0.0;1;0;0;1;1
ronak1790/Contested_Massive_Multiplayer_Online_Role_Playing_Game;Java;1.0;1;0;0.161064;0.0;0.0;0;3344;0.0;0;0;0;0;0
HaikuArchives/GenesisCommander;C++;1.0;1;0;0.119694;0.0;0.0;1;6680;0.0;0;0;0;1;0
lcacciagioni/mocker-python;Python;0.0;1;0;0.035714;0.0;0.0;1;34;0.0;0;0;0;1;0
XXMrHyde/android_packages_apps_DKLauncher;Java;0.993939;1;0;0.197261;0.0;0.0;1;58572;0.005643;1;0;0;1;0
pgaufillet/vasco;C++;0.779661;1;0;0.185426;5.0;0.0;1;23889;0.0;0;0;0;1;1
MonstroVini/A-forca0;Python;1.0;1;0;0.069992;0.0;0.0;0;1156;0.0;0;0;0;0;0
graph1994/8-Block-Puzzle;C++;0.0;1;0;0.02449;0.0;0.0;0;246;0.0;0;0;0;0;0
Shidachi2805/CC_EatGateWebServiceCSharp;C#;0.625;2;0;0.046296;0.0;0.0;1;197804;0.0;0;0;0;1;0
james-w/notlang;Python;0.892857;1;0;0.054444;0.0;0.0;0;3653;0.485934;0;0;0;1;0
Drblake/Comp291-Proj2;Python;1.0;1;0;0.087948;0.0;0.0;0;566;0.0;1;0;0;0;0
TheJefe/gplan;Ruby;1.0;1;0;0.052198;0.0;0.0;0;379;0.0;0;0;0;0;0
pablobastidasv/JaasJEE;Java;0.5;1;0;0.036;0.0;0.0;0;278;0.0;0;0;0;0;0
nak1b/PHP-Simple-Contact-Form;PHP;0.0;1;0;0.151515;0.0;0.0;0;92;0.0;0;0;0;0;0
caywood/marc_tracker_api;PHP;0.0;1;0;0.0;0.0;0.0;0;12;0.0;0;0;0;0;0
eggars/learn_to_test;Ruby;0.205882;1;0;0.423664;0.0;0.0;0;516;0.318182;0;0;0;1;0
Ivan-Castro/RNAtk;Python;0.833333;1;0;0.351862;0.0;0.0;1;1213;0.0;1;0;0;1;0
ovidiub13/KubuntuAdverticaLightChild;PHP;0.25;1;0;0.105919;0.0;0.0;1;574;0.0;1;0;0;1;1
truegff/MeLearningC;C;0.125;1;0;0.266968;0.0;0.0;0;165;0.0;0;0;0;0;0
msommariva/MRT_DDS_FUSION;C++;0.9375;1;0;0.023684;0.0;0.0;0;1484;0.0;0;0;0;0;0
banno/graphite-setup;Ruby;0.333333;1;0;0.090141;0.0;0.0;1;336;0.2;9;0;0;1;0
Turkey2349/Call_Of_Minecraft-Zombies;Java;0.988764;1;0;0.091735;0.0;0.0;0;10597;0.0;6;0;0;0;0
AndreFSilveira/sample-App;Ruby;0.09375;1;0;0.400338;0.0;0.0;0;400;0.171053;0;0;0;1;0
byrddroppings/EventSourcingDemo;C#;0.717949;1;0;0.09825;0.0;0.0;1;1435;0.0;0;0;0;1;1
kbogtob/Themextractor;Ruby;0.75;1;0;0.112179;0.0;0.0;1;910;0.112172;0;0;0;1;0
arek3108/nowe;Java;0.727273;6;0;0.151703;6.0;0.0;0;1370;0.0;0;0;0;1;0
patrickcgray/scratch_space;Python;0.5;1;0;0.046053;0.0;0.0;0;148;0.0;0;0;0;0;0
DannyB91/code;C++;0.0;1;0;0.0;0.0;0.0;0;20;0.0;0;0;0;0;0
core-attack/AuthWithSocNetworks;Ruby;0.236842;1;0;0.428934;0.0;0.0;0;675;0.229333;0;0;0;1;0
edubossa/WebSocket;Java;0.75;1;0;0.233221;0.0;0.0;0;914;0.0;0;0;0;0;0
raphaelgolzmoura/RaphaelGolz_EP2;Python;1.0;1;0;0.090909;0.0;0.0;0;520;0.0;0;0;0;0;0
micahhausler/python3-utils;Python;0.5;1;1;0.183445;0.0;0.0;1;365;0.370536;1;0;0;1;1
schmengler/comparable-filesystem;PHP;1.0;1;1;0.433673;0.0;0.0;1;407;0.715789;0;0;0;1;1
railsfrickler/fib;Ruby;0.666667;1;1;0.0;0.0;0.0;0;48;0.459459;0;0;0;0;0
remgodow/ngnProject;Java;1.0;1;0;0.018987;0.0;0.0;0;310;0.0;0;0;0;0;0
wujek-srujek/Conti;Java;0.333333;1;0;0.06812;0.0;0.0;0;378;0.0;0;0;0;0;0
PaulMuriithi/FrequencyCalculator;Java;0.0;1;0;0.347826;0.0;0.0;0;51;0.0;0;0;0;0;0
andy120/Tut4-Mystack;C++;0.4;1;0;0.188976;0.0;0.0;0;103;0.0;0;0;0;0;0
OskarJJ/MyCompass;Java;0.5;1;0;0.074499;0.0;0.0;0;682;0.0;0;0;0;0;0
kesaulova/university;Python;1.0;1;0;0.289277;0.0;0.0;0;855;0.0;1;0;0;0;0
yiminliu/CollegeSearch;Java;0.829787;1;0;0.164201;0.0;0.0;0;3390;0.112659;0;0;0;1;0
victorevector/Genetics-and-Drugs;Python;0.783901;1;0;0.2385;0.0;0.0;1;157933;0.173686;1;0;0;1;0
coxley/interface_monitor;Python;0.666667;1;0;0.170213;0.0;0.0;1;157;0.0;0;0;0;1;0
MacBohn/wordpress;PHP;0.967936;1;0;0.283728;0.0;0.0;1;247346;0.0;0;0;0;1;0
Steague/Rev-Job-Sniper;PHP;0.988636;1;0;0.423204;0.0;0.0;0;2088;0.0;0;0;0;0;0
omokoro/mastermind;Ruby;0.0;1;0;0.0;0.0;0.0;0;2;0.0;0;0;0;0;0
adirsolo/CouponSystemProject;C#;0.5;1;0;0.003333;0.0;0.0;0;102217;0.270408;0;0;0;1;0
digidotcom/python-wvalib;Python;0.789474;1;1;0.313751;0.0;0.0;1;1818;0.174561;5;0;0;1;1
cristinaluengoagullo/Algoritmia;C++;1.0;0;0;0.201917;0.0;0.0;0;1249;0.0;0;0;0;0;0
Shidachi2805/CC_EatGateAndroidApp;Java;0.923077;2;0;0.156813;4.5;0.0;0;5374;0.0;0;0;0;1;0
cchevez/TP1_POO_Parqueo;Java;0.5;2;0;0.135452;0.0;0.0;0;1551;0.0;0;0;0;1;0
joakimalgroy/ip-location-map;Python;0.5;2;0;0.0;0.0;0.0;0;40;0.0;46;0;0;0;0
evercoders/obstakles;C#;0.714286;1;0;0.480471;0.0;0.0;1;3791;0.0;0;0;0;1;0
halfjew22/CountdownTimer;Java;0.722222;1;0;0.090544;0.0;0.0;0;2085;0.007937;0;0;0;1;0
Skywinder9/2D-Group-Project;C#;0.625;1;0;0.048661;0.0;0.0;0;7351;0.0;0;0;0;0;0
0xANDREW/niagara-wishlist-exporter;Python;0.0;1;0;0.070707;0.0;0.0;0;93;0.0;0;0;0;0;0
RaulB01/WithMath;Java;0.0;1;0;0.157895;0.0;0.0;0;16;0.0;0;0;0;0;0
HonzaMD/Krkal3;C#;0.924485;1;0;0.151783;0.0;0.0;1;102552;0.0;0;0;0;1;0
sergiokulchytsky/oracle_jdbc_client;Java;0.0;1;0;0.102151;0.0;0.0;0;167;0.0;0;0;0;0;0
joaopapereira/milhoes;Ruby;0.222222;1;0;0.28635;0.0;0.0;0;977;0.22963;0;0;0;1;0
Freezard/android-robber-translator;Java;1.0;1;0;0.125;0.0;0.0;0;651;0.0;0;0;0;0;0
seppeljordan/haskell-ffi-test;C;0.0;1;0;0.175;0.0;0.0;0;37;0.0;0;0;0;0;0
jsifuentes/Directory-Sync;Python;0.0;2;0;0.0;0.0;0.0;0;70;0.0;0;0;0;0;0